,A,B,C,D,PRED_1,PRED_2
0,186.73,188.71,186.0,186.3,185.57,184.81
1,185.57,186.33,184.94,185.54,184.81,184.39
2,184.81,185.03,183.1,184.66,184.39,182.2
3,184.39,184.48,182.31,182.54,182.2,183.23
4,182.2,182.27,180.27,181.59,183.23,180.73
5,183.23,183.72,181.2,181.31,180.73,181.86
6,180.73,182.81,180.5,182.32,181.86,179.48
7,181.86,181.91,178.38,180.55,179.48,180.36
8,179.48,179.61,177.35,179.16,180.36,179.83
9,180.36,182.0,179.32,180.0,179.83,181.79
10,179.83,181.6,179.5,181.07,181.79,185.77
11,181.79,182.36,180.35,180.52,185.77,187.91
12,185.77,188.97,184.75,188.52,187.91,188.63
13,187.91,190.52,187.67,189.98,188.63,191.33
14,188.63,192.3,188.52,191.93,191.33,191.79
15,191.33,192.24,189.61,191.73,191.79,190.01
16,191.79,192.79,190.47,190.98,190.01,189.39
17,190.01,191.77,189.81,190.46,189.39,193.09
18,189.39,192.73,188.22,192.5,193.09,193.21
19,193.09,193.1,191.0,192.6,193.21,192.72
20,193.21,194.81,192.41,192.62,192.72,192.93
21,192.72,193.33,191.33,191.53,192.93,192.48
22,192.93,194.13,192.54,193.64,192.48,192.45
23,192.48,193.76,192.0,192.82,192.45,192.78
24,192.45,194.14,191.97,193.35,192.78,193.03
25,192.78,193.58,191.73,192.95,193.03,191.76
26,193.03,194.46,192.55,193.13,191.76,193.31
27,191.76,192.43,191.28,192.42,193.31,191.76
28,193.31,193.69,191.74,192.62,191.76,192.31
29,191.76,192.6,190.83,192.22,192.31,192.61
30,192.31,193.44,191.26,192.25,192.61,193.71
31,192.61,193.25,192.0,193.02,193.71,193.73
32,193.71,193.86,192.3,193.42,193.73,193.03
33,193.73,194.24,192.46,193.39,193.03,193.87
34,193.03,194.74,192.75,193.87,193.87,198.38
35,193.87,199.23,193.28,197.61,198.38,196.78
36,198.38,198.56,196.61,197.76,196.78,197.75
37,196.78,198.71,196.1,197.53,197.75,197.86
38,197.75,198.96,197.43,197.98,197.86,197.23
39,197.86,199.17,196.45,196.73,197.23,197.1
40,197.23,198.47,196.93,197.53,197.1,198.36
41,197.1,198.89,197.06,198.81,198.36,199.14
42,198.36,201.19,198.3,200.66,199.14,198.09
43,199.14,199.64,196.81,197.26,198.09,199.24
44,198.09,198.57,197.31,197.77,199.24,199.98
45,199.24,199.99,198.65,199.81,199.98,200.93
46,199.98,201.1,199.72,200.62,200.93,201.72
47,200.93,201.57,200.23,201.0,201.72,203.78
48,201.72,203.9,201.61,203.78,203.78,204.94
49,203.78,205.15,203.64,204.72,204.94,207.03
50,204.94,206.18,204.74,206.0,207.03,205.71
51,207.03,207.52,206.01,206.01,205.71,204.74
52,205.71,206.53,204.5,205.72,204.74,204.32
53,204.74,205.0,203.7,204.25,204.32,204.0
54,204.32,205.77,204.3,204.69,204.0,205.89
55,204.0,205.99,203.96,205.49,205.89,206.45
56,205.89,205.96,204.56,205.48,206.45,208.46
57,206.45,207.92,206.32,207.77,208.46,207.44
58,208.46,208.66,207.0,207.18,207.44,206.09
59,207.44,208.69,206.27,207.29,206.09,208.74
60,206.09,208.5,206.02,208.27,208.74,208.96
61,208.74,209.12,208.01,208.65,208.96,209.31
62,208.96,209.69,208.09,209.47,209.31,206.22
63,209.31,210.69,208.54,209.5,206.22,205.15
64,206.22,206.98,205.19,206.05,205.15,204.4
65,205.15,205.68,204.46,205.47,204.4,204.94
66,204.4,206.17,203.37,204.94,204.94,203.99
67,204.94,205.74,202.17,202.33,203.99,202.8
68,203.99,204.32,202.46,202.58,202.8,204.32
69,202.8,205.56,202.35,205.32,204.32,204.74
70,204.32,204.65,202.8,202.8,204.74,204.57
71,204.74,205.97,202.72,202.72,204.57,202.43
72,204.57,207.64,204.15,207.45,202.43,200.03
73,202.43,204.07,200.0,200.13,200.03,199.83
74,200.03,201.26,197.52,199.51,199.83,197.89
75,199.83,200.12,199.09,199.6,197.89,199.06
76,197.89,199.1,196.79,198.62,199.06,202.02
77,199.06,202.48,198.87,200.0,202.02,203.4
78,202.02,203.69,201.8,203.57,203.4,206.47
79,203.4,206.21,203.4,205.58,206.47,206.71
80,206.47,208.17,205.91,206.81,206.71,207.18
81,206.71,207.96,206.32,207.08,207.18,206.97
82,207.18,208.93,206.71,208.0,206.97,208.27
83,206.97,208.27,206.91,208.06,208.27,206.47
84,208.27,208.92,206.55,207.24,206.47,203.96
85,206.47,207.11,204.4,204.99,203.96,202.44
86,203.96,204.77,202.9,203.75,202.44,199.99
87,202.44,203.06,199.72,201.48,199.99,201.0
88,199.99,203.0,199.06,201.23,201.0,199.96
89,201.0,203.25,200.02,200.6,199.96,199.92
90,199.96,202.12,199.95,201.17,199.92,199.44
91,199.92,200.71,198.56,199.44,199.44,199.42
92,199.44,201.47,198.76,199.04,199.42,199.67
93,199.42,201.35,198.18,199.73,199.67,198.78
94,199.67,200.79,197.64,197.89,198.78,195.98
95,198.78,198.78,195.16,195.88,195.98,198.04
96,195.98,197.93,194.63,197.76,198.04,195.53
97,198.04,198.26,196.06,196.82,195.53,195.99
98,195.53,196.49,193.2,196.12,195.99,195.11
99,195.99,196.28,194.0,196.09,195.11,195.22
100,195.11,196.0,194.0,194.3,195.22,194.8
101,195.22,198.08,195.22,196.46,194.8,194.1
102,194.8,195.47,193.77,194.53,194.1,190.12
103,194.1,194.93,192.0,192.9,190.12,188.34
104,190.12,191.72,188.6,189.08,188.34,187.92
105,188.34,189.38,187.0,188.54,187.92,190.78
106,187.92,189.85,187.56,189.2,190.78,195.28
107,190.78,194.0,190.02,193.99,195.28,193.71
108,195.28,195.83,193.94,194.44,193.71,196.6
109,193.71,195.14,192.7,195.14,196.6,192.14
110,196.6,196.7,192.37,192.51,192.14,194.36
111,192.14,194.67,192.14,194.55,194.36,193.0
112,194.36,195.19,192.34,193.1,193.0,196.08
113,193.0,195.83,192.74,195.1,196.08,197.57
114,196.08,199.27,195.4,199.1,197.57,198.83
115,197.57,199.64,197.17,198.29,198.83,198.7
116,198.83,199.99,198.8,198.93,198.7,199.07
117,198.7,199.74,197.5,198.78,199.07,193.87
118,199.07,199.45,193.19,193.39,193.87,192.48
119,193.87,194.88,193.22,193.7,192.48,193.54
120,192.48,193.39,191.68,192.86,193.54,192.14
121,193.54,193.68,190.75,191.95,192.14,191.23
122,192.14,193.7,190.9,193.0,191.23,194.55
123,191.23,192.08,188.9,191.4,194.55,196.36
124,194.55,195.81,192.41,195.58,196.36,195.46
125,196.36,197.2,194.85,195.83,195.46,194.88
126,195.46,196.34,194.91,195.93,194.88,193.92
127,194.88,196.85,193.63,195.29,193.92,190.76
128,193.92,193.94,189.74,191.41,190.76,190.3
129,190.76,191.0,188.05,189.67,190.3,186.22
130,190.3,191.14,185.6,186.26,186.22,184.25
131,186.22,187.36,183.51,185.25,184.25,183.46
132,184.25,184.39,181.85,183.09,183.46,185.58
133,183.46,186.33,183.03,186.01,185.58,185.73
134,185.58,186.1,184.58,184.79,185.73,184.15
135,185.73,186.29,183.2,183.65,184.15,193.4
136,184.15,188.59,183.55,188.25,193.4,194.09
137,193.4,196.85,192.97,195.34,194.09,189.78
138,194.09,194.9,192.17,192.45,189.78,190.92
139,189.78,191.3,188.2,190.83,190.92,190.31
140,190.92,191.32,188.56,190.34,190.31,193.49
141,190.31,192.77,189.32,191.08,193.49,195.1
142,193.49,194.95,192.57,193.95,195.1,196.32
143,195.1,197.41,193.95,196.39,196.32,196.5
144,196.32,197.84,195.92,196.68,196.5,196.96
145,196.5,197.58,195.88,195.98,196.96,194.12
146,196.96,197.85,194.72,195.18,194.12,196.48
147,194.12,196.6,193.02,194.45,196.48,198.76
148,196.48,198.95,196.16,198.52,198.76,199.43
149,198.76,199.94,198.52,198.76,199.43,198.27
150,199.43,200.88,198.8,199.93,198.27,198.62
151,198.27,199.69,198.16,199.03,198.62,197.87
152,198.62,199.46,197.89,198.42,197.87,198.88
153,197.87,199.37,197.24,199.29,198.88,198.88
154,198.88,199.98,197.79,199.01,198.88,198.9
155,198.88,199.33,197.72,198.29,198.9,198.77
156,198.9,199.33,197.92,198.4,198.77,201.08
157,198.77,201.32,198.12,200.84,201.08,200.69
158,201.08,202.0,200.66,201.22,200.69,200.99
159,200.69,201.13,200.03,200.5,200.99,198.64
160,200.99,201.0,198.37,198.65,198.64,197.04
161,198.64,198.65,196.9,197.25,197.04,194.96
162,197.04,197.37,195.44,195.7,194.96,197.96
163,194.96,198.11,194.2,197.77,197.96,195.56
164,197.96,198.3,195.61,195.69,195.56,195.13
165,195.56,196.11,194.5,194.87,195.13,194.77
166,195.13,196.04,194.9,195.08,194.77,194.31
167,194.77,195.47,193.18,193.37,194.31,196.61
168,194.31,195.95,193.46,194.85,196.61,194.41
169,196.61,197.17,193.25,194.54,194.41,196.26
170,194.41,195.85,193.89,195.04,196.26,199.12
171,196.26,199.46,196.11,199.1,199.12,199.39
172,199.12,199.5,198.08,199.5,199.39,200.55
173,199.39,201.82,198.73,200.95,200.55,203.52
174,200.55,203.46,200.51,203.27,203.52,204.38
175,203.52,204.65,202.96,203.77,204.38,206.24
176,204.38,206.81,203.46,206.36,206.24,205.55
177,206.24,207.65,206.05,206.81,205.55,206.88
178,205.55,207.99,205.55,207.15,206.88,207.55
179,206.88,207.88,206.48,207.07,207.55,205.85
180,207.55,207.57,206.01,206.43,205.85,207.36
181,205.85,206.99,205.3,206.18,207.36,205.02
182,207.36,207.94,205.92,205.98,205.02,205.6
183,205.02,206.06,204.9,205.29,205.6,205.05
184,205.6,207.32,204.95,204.98,205.05,204.37
185,205.05,205.98,203.9,204.0,204.37,205.66
186,204.37,206.9,204.14,205.91,205.66,208.01
187,205.66,208.32,205.31,207.45,208.01,210.96
188,208.01,211.75,207.94,210.47,210.96,209.94
189,210.96,211.47,208.5,209.84,209.94,210.28
190,209.94,211.3,209.3,210.51,210.28,211.15
191,210.28,210.97,208.53,210.39,211.15,210.02
192,211.15,211.79,210.06,210.59,210.02,209.95
193,210.02,210.64,209.21,209.82,209.95,207.82
194,209.95,210.74,207.7,207.99,207.82,206.57
195,207.82,208.23,205.05,205.82,206.57,205.64
196,206.57,207.27,205.63,205.76,205.64,208.88
197,205.64,207.96,205.56,207.8,208.88,209.94
198,208.88,209.4,207.82,208.93,209.94,201.21
199,209.94,211.0,209.47,211.0,201.21,199.91
200,201.21,203.41,198.55,200.63,199.91,195.29
201,199.91,200.14,194.07,194.96,195.29,193.71
202,195.29,196.08,193.18,193.36,193.71,193.53
203,193.71,194.68,192.44,194.4,193.53,192.44
204,193.53,194.0,190.94,191.25,192.44,191.41
205,192.44,193.29,190.56,190.72,191.41,191.49
206,191.41,192.44,190.71,191.6,191.49,194.8
207,191.49,193.87,191.47,193.27,194.8,194.68
208,194.8,196.41,193.63,194.53,194.68,197.53
209,194.68,197.89,194.55,197.15,197.53,192.36
210,197.53,198.0,193.29,193.43,192.36,195.26
211,192.36,194.97,192.01,194.14,195.26,193.36
212,195.26,196.75,194.68,195.07,193.36,191.4
213,193.36,193.68,191.16,191.16,191.4,189.85
214,191.4,191.81,190.09,190.1,189.85,190.03
215,189.85,191.64,188.88,189.64,190.03,188.39
216,190.03,190.77,187.41,189.25,188.39,189.14
217,188.39,190.88,188.25,188.32,189.14,185.83
218,189.14,189.27,185.28,185.51,185.83,186.33
219,185.83,187.2,184.78,185.85,186.33,188.62
220,186.33,187.56,185.1,186.94,188.62,189.88
221,188.62,190.39,188.3,190.35,189.88,189.3
222,189.88,190.11,188.25,189.2,189.3,191.0
223,189.3,190.89,188.95,190.29,191.0,192.45
224,191.0,193.49,190.8,193.49,192.45,192.08
225,192.45,193.37,191.77,192.88,192.08,190.98
226,192.08,193.05,191.0,191.23,190.98,192.75
227,190.98,192.04,189.27,191.98,192.75,191.75
228,192.75,192.9,190.2,191.53,191.75,190.76
229,191.75,192.0,189.5,190.07,190.76,189.71
230,190.76,191.3,188.36,189.48,189.71,189.01
231,189.71,190.75,189.02,189.36,189.01,189.17
232,189.01,189.46,186.94,188.65,189.17,190.14
233,189.17,190.18,188.41,189.7,190.14,192.17
234,190.14,192.2,190.11,191.95,192.17,193.18
235,192.17,193.54,191.65,192.62,193.18,194.6
236,193.18,194.8,193.15,194.2,194.6,192.18
237,194.6,194.75,192.46,192.95,192.18,191.69
238,192.18,193.05,191.37,191.99,191.69,191.76
239,191.69,193.4,191.26,191.76,191.76,193.85
240,191.76,193.91,191.76,193.62,193.85,195.46
241,193.85,195.92,193.84,195.69,195.46,194.47
242,195.46,196.45,195.0,195.08,194.47,193.1
243,194.47,194.95,193.16,194.77,193.1,193.05
244,193.1,194.5,191.57,193.42,193.05,192.21
245,193.05,193.83,192.02,192.4,192.21,191.53
246,192.21,193.53,190.95,191.95,191.53,191.11
247,191.53,193.28,190.7,192.71,191.11,189.23
248,191.11,192.22,189.83,189.83,189.23,194.09
249,189.23,191.68,188.84,191.55,194.09,195.67
250,194.09,196.35,193.8,196.35,195.67,194.19
251,195.67,196.29,194.44,195.27,194.19,193.4
252,194.19,194.46,192.78,193.99,193.4,192.92
253,193.4,193.78,192.34,193.14,192.92,193.48
254,192.92,193.3,191.6,192.87,193.48,192.65
255,193.48,193.49,191.65,192.32,192.65,194.15
256,192.65,192.96,191.28,192.88,194.15,192.82
257,194.15,195.0,192.9,194.45,192.82,191.31
258,192.82,193.28,191.75,192.62,191.31,192.0
259,191.31,192.73,190.39,192.5,192.0,193.85
260,192.0,193.18,191.35,192.59,193.85,194.03
261,193.85,194.46,193.24,193.65,194.03,194.36
262,194.03,195.0,193.8,194.47,194.36,203.5
263,194.36,196.08,194.01,196.08,203.5,203.91
264,203.5,208.58,203.36,204.72,203.91,204.45
265,203.91,205.06,203.08,204.42,204.45,204.85
266,204.45,205.18,204.13,204.97,204.85,204.34
267,204.85,206.22,204.29,204.93,204.34,203.69
268,204.34,205.73,203.64,203.9,203.69,203.32
269,203.69,204.88,203.19,203.52,203.32,204.65
270,203.32,204.47,202.96,203.07,204.65,204.19
271,204.65,205.35,203.84,205.18,204.19,204.31
272,204.19,205.02,203.57,203.79,204.31,200.39
273,204.31,204.75,202.51,202.79,200.39,200.62
274,200.39,201.29,199.56,201.02,200.62,199.97
275,200.62,200.91,198.68,199.74,199.97,200.98
276,199.97,202.09,199.68,201.68,200.98,200.01
277,200.98,201.95,199.75,200.16,200.01,200.65
278,200.01,200.74,199.02,200.04,200.65,199.73
279,200.65,200.95,199.57,200.09,199.73,199.98
280,199.73,200.32,199.26,199.65,199.98,200.6
281,199.98,201.25,199.82,200.98,200.6,200.62
282,200.6,201.89,200.22,200.32,200.62,198.63
283,200.62,201.72,198.86,199.31,198.63,199.23
284,198.63,199.07,198.11,198.33,199.23,201.67
285,199.23,201.09,198.84,201.09,201.67,198.63
286,201.67,202.49,197.51,197.51,198.63,198.89
287,198.63,199.9,197.84,199.14,198.89,202.18
288,198.89,202.75,198.6,202.33,202.18,200.65
289,202.18,203.12,200.79,200.83,200.65,202.59
290,200.65,202.94,199.36,202.91,202.59,205.86
291,202.59,205.19,202.55,205.19,205.86,207.03
292,205.86,207.7,205.69,206.53,207.03,208.29
293,207.03,208.49,206.66,208.38,208.29,209.85
294,208.29,209.6,208.24,209.42,209.85,210.04
295,209.85,210.74,209.43,210.38,210.04,209.4
296,210.04,210.2,209.04,210.08,209.4,210.2
297,209.4,210.73,209.09,210.55,210.2,212.15
298,210.2,212.36,209.77,212.06,212.15,215.38
299,212.15,215.86,212.15,215.8,215.38,212.9
300,215.38,215.9,213.41,214.92,212.9,214.13
301,212.9,214.5,212.64,213.21,214.13,214.76
302,214.13,215.12,211.83,213.44,214.76,212.96
303,214.76,215.82,214.3,215.06,212.96,212.21
304,212.96,213.0,210.11,212.26,212.21,212.54
305,212.21,213.17,211.62,212.08,212.54,211.77
306,212.54,212.81,210.05,210.74,211.77,210.96
307,211.77,212.5,211.5,212.36,210.96,209.83
308,210.96,212.16,210.1,210.89,209.83,212.8
309,209.83,213.44,209.74,213.3,212.8,212.92
310,212.8,213.5,211.25,212.38,212.92,214.32
311,212.92,214.71,211.57,214.36,214.32,212.77
312,214.32,214.89,212.63,212.66,212.77,209.1
313,212.77,212.93,210.04,211.31,209.1,209.07
314,209.1,209.84,206.34,209.41,209.07,209.56
315,209.07,209.32,207.33,209.32,209.56,211.86
316,209.56,210.0,208.61,209.22,211.86,211.5
317,211.86,212.51,210.47,212.0,211.5,210.79
318,211.5,213.09,210.85,212.92,210.79,210.44
319,210.79,211.49,209.78,211.38,210.44,210.84
320,210.44,211.69,209.26,209.26,210.84,210.53
321,210.84,212.0,209.2,212.0,210.53,210.11
322,210.53,211.09,209.5,209.67,210.11,195.74
323,210.11,210.25,206.15,207.15,195.74,191.15
324,195.74,196.5,189.76,190.0,191.15,189.27
325,191.15,191.38,187.68,187.83,189.27,192.16
326,189.27,192.56,188.61,191.61,192.16,192.69
327,192.16,192.5,191.09,191.71,192.69,194.16
328,192.69,195.17,192.32,193.95,194.16,194.78
329,194.16,194.71,193.25,194.31,194.78,199.13
330,194.78,199.68,194.65,199.15,199.13,201.87
331,199.13,202.59,197.35,202.54,201.87,200.12
332,201.87,202.17,199.2,199.63,200.12,203.94
333,200.12,202.43,199.75,202.39,203.94,203.79
334,203.94,205.32,203.75,204.51,203.79,202.81
335,203.79,203.99,201.52,202.78,202.81,202.94
336,202.81,203.73,201.65,203.63,202.94,204.69
337,202.94,204.85,202.51,204.82,204.69,203.37
338,204.69,205.0,202.72,203.24,203.37,204.18
339,203.37,204.53,202.82,204.47,204.18,202.09
340,204.18,204.47,202.22,202.47,202.09,202.25
341,202.09,203.67,202.08,203.21,202.25,204.0
342,202.25,203.68,202.04,203.32,204.0,205.25
343,204.0,206.59,204.0,204.69,205.25,208.02
344,205.25,209.5,204.99,208.44,208.02,207.24
345,208.02,209.15,207.42,207.6,207.24,208.5
346,207.24,209.48,207.0,208.65,208.5,205.48
347,208.5,210.15,206.12,206.99,205.48,204.69
348,205.48,208.61,205.13,206.16,204.69,207.44
349,204.69,206.43,204.42,205.72,207.44,206.22
350,207.44,208.59,207.16,207.78,206.22,206.97
351,206.22,208.42,206.04,207.92,206.97,208.59
352,206.97,210.99,206.97,209.36,208.59,208.25
353,208.59,211.98,208.02,208.02,208.25,208.6
354,208.25,210.05,207.33,208.95,208.6,205.16
355,208.6,209.0,205.08,206.19,205.16,203.23
356,205.16,206.29,202.4,202.74,203.23,204.85
357,203.23,204.2,201.47,203.8,204.85,206.97
358,204.85,206.35,204.11,206.35,206.97,203.17
359,206.97,206.98,204.9,205.02,203.17,204.59
360,203.17,205.95,202.51,203.98,204.59,201.01
361,204.59,205.23,200.51,201.2,201.01,203.97
362,201.01,204.4,200.34,203.77,203.97,203.44
363,203.97,204.74,201.81,202.2,203.44,203.02
364,203.44,205.17,202.55,203.04,203.02,204.44
365,203.02,206.09,202.87,204.87,204.44,200.67
366,204.44,205.03,201.93,201.94,200.67,198.5
367,200.67,201.7,197.28,197.35,198.5,193.99
368,198.5,198.52,193.54,195.46,193.99,195.31
369,193.99,194.91,191.34,193.54,195.31,195.97
370,195.31,195.59,193.15,194.98,195.97,196.05
371,195.97,196.23,194.5,194.86,196.05,191.73
372,196.05,196.9,195.29,195.65,191.73,192.15
373,191.73,192.66,188.41,191.11,192.15,190.78
374,192.15,193.8,191.12,191.28,190.78,190.98
375,190.78,193.23,190.26,191.5,190.98,194.49
376,190.98,194.22,190.51,193.25,194.49,195.6
377,194.49,195.16,192.35,194.93,195.6,191.88
378,195.6,195.78,194.61,194.98,191.88,191.51
379,191.88,192.8,190.78,191.3,191.51,193.78
380,191.51,193.43,191.27,192.25,193.78,193.07
381,193.78,194.11,192.61,192.8,193.07,192.42
382,193.07,193.7,191.59,192.07,192.42,194.04
383,192.42,194.89,191.68,194.0,194.04,194.72
384,194.04,194.58,192.68,193.85,194.72,198.27
385,194.72,194.89,193.03,194.55,198.27,197.91
386,198.27,200.94,195.99,197.99,197.91,193.4
387,197.91,197.99,193.24,193.54,193.4,194.21
388,193.4,195.79,193.28,194.09,194.21,195.95
389,194.21,196.43,194.1,194.98,195.95,196.3
390,195.95,197.3,195.86,196.61,196.3,196.59
391,196.3,197.83,195.66,197.22,196.59,196.83
392,196.59,197.37,195.0,197.35,196.83,196.99
393,196.83,197.19,195.53,196.21,196.99,194.49
394,196.99,197.83,195.81,196.01,194.49,196.65
395,194.49,196.91,194.49,195.04,196.65,195.5
396,196.65,197.17,195.41,195.81,195.5,195.16
397,195.5,195.5,193.22,195.16,195.16,192.26
398,195.16,195.88,194.35,195.5,192.26,189.6
399,192.26,192.51,190.27,190.99,189.6,189.45
400,189.6,189.93,188.05,188.56,189.45,188.0
401,189.45,189.87,186.79,187.93,188.0,186.97
402,188.0,189.16,187.0,187.82,186.97,189.54
403,186.97,189.56,186.89,189.09,189.54,188.58
404,189.54,189.99,187.56,188.42,188.58,186.23
405,188.58,188.93,187.3,187.53,186.23,185.54
406,186.23,187.0,185.45,185.79,185.54,185.3
407,185.54,186.46,185.34,185.34,185.3,184.37
408,185.3,186.5,183.98,184.23,184.37,184.67
409,184.37,185.63,183.17,184.56,184.67,185.65
410,184.67,186.57,184.28,184.86,185.65,185.34
411,185.65,186.25,184.25,185.19,185.34,185.27
412,185.34,185.74,184.57,185.42,185.27,183.63
413,185.27,187.0,184.68,184.74,183.63,182.68
414,183.63,184.5,182.57,182.74,182.68,181.96
415,182.68,183.47,181.1,182.16,181.96,182.75
416,181.96,183.7,181.44,182.64,182.75,183.63
417,182.75,182.99,181.51,182.27,183.63,183.58
418,183.63,184.32,182.51,183.96,183.58,183.35
419,183.58,184.19,182.31,183.13,183.35,184.65
420,183.35,185.0,183.07,184.15,184.65,183.68
421,184.65,184.99,182.65,183.03,183.68,187.2
422,183.68,185.49,183.31,184.98,187.2,186.83
423,187.2,187.65,186.37,186.6,186.83,190.96
424,186.83,190.87,186.82,190.7,190.96,191.21
425,190.96,191.32,189.85,190.73,191.21,193.7
426,191.21,193.1,191.0,192.17,193.7,193.42
427,193.7,194.81,192.61,193.15,193.42,192.6
428,193.42,194.15,191.83,192.16,192.6,194.18
429,192.6,194.89,192.0,194.42,194.18,193.96
430,194.18,194.89,193.22,193.39,193.96,190.06
431,193.96,194.43,190.02,190.02,190.06,190.93
432,190.06,192.41,189.33,190.99,190.93,190.14
433,190.93,191.56,189.66,189.97,190.14,190.1
434,190.14,190.62,188.5,189.47,190.1,188.87
435,190.1,191.76,189.46,190.22,188.87,185.56
436,188.87,188.94,186.45,186.92,185.56,185.34
437,185.56,186.74,184.34,185.18,185.34,185.54
438,185.34,186.65,184.65,186.38,185.54,184.7
439,185.54,186.31,184.41,184.96,184.7,184.17
440,184.7,184.96,183.0,183.86,184.17,181.85
441,184.17,185.13,183.58,184.1,181.85,181.89
442,181.85,183.31,181.85,182.01,181.89,179.37
443,181.89,181.99,178.71,178.72,179.37,183.17
444,179.37,181.67,179.1,181.32,183.17,185.25
445,183.17,184.77,182.36,184.77,185.25,185.41
446,185.25,186.23,184.12,186.16,185.41,185.74
447,185.41,186.99,184.42,186.97,185.74,185.42
448,185.74,185.94,184.22,184.66,185.42,173.84
449,185.42,186.73,184.99,186.73,173.84,174.8
450,173.84,177.0,172.57,174.83,174.8,174.42
451,174.8,175.0,173.25,173.78,174.42,173.35
452,174.42,174.75,172.63,172.86,173.35,175.09
453,173.35,175.57,172.95,174.97,175.09,176.43
454,175.09,175.99,174.4,175.77,176.43,178.43
455,176.43,177.89,176.25,177.8,178.43,177.04
456,178.43,179.1,176.26,176.85,177.04,177.62
457,177.04,177.89,176.2,177.35,177.62,181.69
458,177.62,182.32,177.5,182.12,181.69,179.65
459,181.69,182.18,179.86,180.15,179.65,179.81
460,179.65,181.67,179.04,179.21,179.81,179.9
461,179.81,180.34,178.88,179.23,179.9,179.54
462,179.9,180.8,179.34,180.27,179.54,177.91
463,179.54,179.8,177.71,177.85,177.91,179.6
464,177.91,179.75,177.78,179.19,179.6,178.83
465,179.6,181.39,179.6,180.0,178.83,180.19
466,178.83,180.08,177.35,179.99,180.19,182.53
467,180.19,183.39,180.04,182.88,182.53,182.27
468,182.53,184.05,182.26,183.07,182.27,180.48
469,182.27,183.55,181.59,183.55,180.48,182.38
470,180.48,183.2,179.66,182.21,182.38,183.52
471,182.38,183.28,181.16,183.19,183.52,184.63
472,183.52,184.99,183.27,184.47,184.63,185.22
473,184.63,186.2,184.15,185.25,185.22,185.54
474,185.22,186.24,184.64,185.19,185.54,183.5
475,185.54,185.75,183.41,184.13,183.5,180.25
476,183.5,184.99,179.92,181.3,180.25,178.67
477,180.25,180.75,177.82,178.94,178.67,177.83
478,178.67,178.94,177.31,177.31,177.83,179.21
479,177.83,180.18,177.82,178.97,179.21,179.46
480,179.21,180.76,179.0,179.68,179.46,177.0
481,179.46,179.59,177.12,177.48,177.0,175.37
482,177.0,178.23,175.64,176.08,175.37,176.15
483,175.37,177.5,175.16,175.74,176.15,176.7
484,176.15,176.86,175.28,176.08,176.7,177.99
485,176.7,178.0,176.01,177.67,177.99,176.88
486,177.99,178.15,176.83,177.46,176.88,177.0
487,176.88,177.67,176.06,177.12,177.0,175.06
488,177.0,177.76,175.1,175.2,175.06,173.52
489,175.06,175.8,173.3,173.37,173.52,173.04
490,173.52,174.38,172.73,172.8,173.04,177.36
491,173.04,178.35,172.73,177.85,177.36,176.45
492,177.36,177.49,175.12,175.76,176.45,177.88
493,176.45,178.74,174.85,178.7,177.88,180.08
494,177.88,180.54,177.88,180.22,180.08,181.05
495,180.08,182.0,180.02,180.02,181.05,181.96
496,181.05,182.93,180.61,182.23,181.96,183.56
497,181.96,183.5,181.91,183.22,183.56,185.84
498,183.56,185.56,183.51,185.35,185.84,185.32
499,185.84,186.5,184.56,185.08,185.32,186.49
500,185.32,186.7,184.67,186.41,186.49,187.21
501,186.49,187.79,186.3,187.57,187.21,185.83
502,187.21,187.4,185.2,185.53,185.83,187.15
503,185.83,187.35,185.3,186.64,187.15,186.39
504,187.15,187.36,185.3,186.0,186.39,189.33
505,186.39,190.35,186.38,189.71,189.33,189.02
506,189.33,189.42,187.26,187.97,189.02,188.31
507,189.02,189.5,186.55,187.38,188.31,186.26
508,188.31,188.57,186.28,187.26,186.26,185.06
509,186.26,186.95,183.86,184.16,185.06,185.82
510,185.06,186.43,183.88,185.92,185.82,187.53
511,185.82,188.65,185.49,187.74,187.53,188.04
512,187.53,188.99,186.8,188.76,188.04,190.23
513,188.04,190.81,187.86,190.09,190.23,181.28
514,190.23,190.39,186.79,188.43,181.28,181.43
515,181.28,183.5,179.67,182.25,181.43,181.25
516,181.43,183.72,180.71,182.73,181.25,179.6
517,181.25,182.81,179.64,179.64,179.6,178.05
518,179.6,179.65,177.66,177.9,178.05,175.98
519,178.05,178.45,176.16,176.85,175.98,177.17
520,175.98,178.53,175.89,176.4,177.17,176.11
521,177.17,177.86,176.36,177.36,176.11,176.02
522,176.11,177.84,175.34,176.68,176.02,173.53
523,176.02,176.02,172.72,172.9,173.53,172.19
524,173.53,173.75,172.36,172.84,172.19,173.97
525,172.19,174.97,172.19,174.24,173.97,175.64
526,173.97,174.85,173.79,174.67,175.64,176.97
527,175.64,177.56,175.07,177.25,176.97,176.81
528,176.97,177.65,176.25,177.14,176.81,179.52
529,176.81,180.39,176.8,179.7,179.52,178.22
530,179.52,181.25,179.26,180.24,178.22,181.26
531,178.22,182.36,177.86,181.84,181.26,183.18
532,181.26,184.43,180.99,183.69,183.18,182.74
533,183.18,184.0,182.32,183.19,182.74,182.96
534,182.74,185.65,182.41,182.95,182.96,184.25
535,182.96,184.86,182.79,184.26,184.25,182.82
536,184.25,185.71,182.62,182.79,182.82,183.52
537,182.82,185.16,182.82,183.45,183.52,183.94
538,183.52,184.6,182.88,183.23,183.94,183.83
539,183.94,185.28,183.56,184.06,183.83,185.38
540,183.83,185.95,183.81,185.27,185.38,183.33
541,185.38,186.12,183.65,185.17,183.33,185.81
542,183.33,184.64,182.82,184.26,185.81,186.57
543,185.81,187.16,185.68,186.44,186.57,187.37
544,186.57,187.95,186.4,187.14,187.37,188.35
545,187.37,188.39,186.9,187.64,188.35,187.55
546,188.35,188.92,187.18,187.68,187.55,187.41
547,187.55,188.37,185.85,186.39,187.41,186.01
548,187.41,188.45,186.04,186.76,186.01,186.41
549,186.01,187.45,185.89,186.22,186.41,183.89
550,186.41,187.0,183.71,183.9,183.89,182.66
551,183.89,184.29,182.21,182.21,182.66,185.99
552,182.66,186.35,182.66,185.81,185.99,185.6
553,185.99,187.9,185.54,186.81,185.6,184.47
554,185.6,186.7,183.5,184.71,184.47,188.5
555,184.47,188.26,184.17,187.9,188.5,187.43
556,188.5,188.7,186.4,186.67,187.43,188.76
557,187.43,189.44,187.37,188.25,188.76,194.98
558,188.76,195.4,188.7,195.04,194.98,191.91
559,194.98,195.63,191.96,192.62,191.91,189.94
560,191.91,192.67,189.32,189.83,189.94,191.64
561,189.94,192.62,189.11,190.45,191.64,193.12
562,191.64,193.77,191.4,192.49,193.12,194.24
563,193.12,195.13,192.78,194.5,194.24,193.2
564,194.24,194.5,192.49,193.55,193.2,193.12
565,193.2,193.38,192.35,192.69,193.12,191.72
566,193.12,193.97,191.28,191.77,191.72,193.89
567,191.72,195.31,191.57,194.52,193.89,193.88
568,193.89,194.17,192.69,193.29,193.88,196.06
569,193.88,197.0,193.6,196.64,196.06,195.04
570,196.06,199.21,195.66,195.68,195.04,196.24
571,195.04,197.0,194.27,195.19,196.24,195.98
572,196.24,198.24,195.88,197.77,195.98,198.05
573,195.98,197.41,195.42,197.02,198.05,187.25
574,198.05,198.71,195.0,196.4,187.25,189.8
575,187.25,190.7,187.01,190.01,189.8,192.01
576,189.8,192.8,189.74,192.27,192.01,191.79
577,192.01,193.0,191.2,192.15,191.79,192.22
578,191.79,192.41,190.11,191.73,192.22,190.54
579,192.22,192.22,190.03,190.22,190.54,191.14
580,190.54,190.67,189.11,189.63,191.14,193.59
581,191.14,193.99,190.58,193.14,193.59,194.38
582,193.59,195.94,193.41,195.11,194.38,196.31
583,194.38,196.86,194.35,196.47,196.31,193.75
584,196.31,196.74,193.15,193.53,193.75,191.05
585,193.75,193.84,191.25,191.44,191.05,190.93
586,191.05,191.49,189.8,191.26,190.93,189.34
587,190.93,190.95,189.25,190.03,189.34,189.16
588,189.34,190.3,186.93,189.3,189.16,188.98
589,189.16,190.57,188.23,188.91,188.98,191.12
590,188.98,190.59,188.37,190.08,191.12,192.79
591,191.12,193.02,190.94,192.57,192.79,191.91
592,192.79,193.03,191.76,192.19,191.91,189.07
593,191.91,191.99,188.17,188.72,189.07,186.27
594,189.07,189.08,186.18,186.46,186.27,186.61
595,186.27,187.41,185.93,187.06,186.61,186.25
596,186.61,187.13,186.04,187.0,186.25,185.85
597,186.25,186.7,184.7,184.89,185.85,186.45
598,185.85,187.16,184.95,186.39,186.45,185.84
599,186.45,186.45,185.03,185.68,185.84,184.8
600,185.84,186.14,185.31,185.94,184.8,184.48
601,184.8,185.65,183.93,184.78,184.48,183.64
602,184.48,184.88,182.94,183.08,183.64,183.38
603,183.64,183.78,182.33,183.76,183.38,184.76
604,183.38,184.57,182.49,184.36,184.76,185.55
605,184.76,186.28,184.67,185.69,185.55,184.71
606,185.55,185.76,184.12,184.37,184.71,184.66
607,184.71,185.45,184.2,184.51,184.66,186.47
608,184.66,186.09,183.92,185.98,186.47,186.22
609,186.47,187.65,185.9,186.37,186.22,186.2
610,186.22,187.64,185.96,186.22,186.2,183.61
611,186.2,186.22,183.82,184.29,183.61,182.48
612,183.61,184.2,182.01,182.25,182.48,182.0
613,182.48,182.55,180.91,181.22,182.0,182.4
614,182.0,183.0,181.52,182.56,182.4,181.9
615,182.4,182.71,181.24,182.35,181.9,182.04
616,181.9,182.81,181.56,182.26,182.04,184.12
617,182.04,183.61,181.79,183.6,184.12,182.59
618,184.12,184.47,182.36,182.82,182.59,181.92
619,182.59,182.67,181.4,181.55,181.92,181.5
620,181.92,182.25,181.0,182.14,181.5,180.25
621,181.5,183.0,180.65,180.88,180.25,180.87
622,180.25,180.97,180.06,180.72,180.87,179.77
623,180.87,181.37,179.27,180.37,179.77,181.33
624,179.77,182.46,179.66,181.71,181.33,181.7
625,181.33,181.93,180.26,181.27,181.7,186.34
626,181.7,187.27,181.7,186.35,186.34,188.39
627,186.34,188.99,186.17,188.39,188.39,187.61
628,188.39,188.81,187.35,188.53,187.61,187.65
629,187.61,188.27,187.44,188.04,187.65,187.68
630,187.65,188.08,186.37,187.22,187.68,186.44
631,187.68,188.9,186.89,188.42,186.44,187.73
632,186.44,188.05,186.21,187.7,187.73,188.55
633,187.73,188.35,186.7,188.0,188.55,189.54
634,188.55,190.44,188.53,189.86,189.54,192.24
635,189.54,190.08,188.21,188.49,192.24,192.36
636,192.24,193.36,190.76,192.36,192.36,191.96
637,192.36,195.95,192.0,192.49,191.96,191.3
638,191.96,193.44,190.0,192.5,191.3,191.59
639,191.3,191.7,189.25,190.85,191.59,194.11
640,191.59,194.72,191.56,194.09,194.11,193.95
641,194.11,194.9,193.57,193.63,193.95,195.3
642,193.95,195.62,193.75,195.24,195.3,194.3
643,195.3,195.9,193.79,194.4,194.3,195.3
644,194.3,196.4,193.65,195.78,195.3,195.2
645,195.3,195.89,194.54,194.57,195.2,192.84
646,195.2,195.99,192.9,194.0,192.84,190.5
647,192.84,194.29,191.54,191.67,190.5,189.35
648,190.5,191.5,188.86,189.15,189.35,188.75
649,189.35,189.95,188.6,189.64,188.75,185.36
650,188.75,189.2,186.44,187.1,185.36,186.64
651,185.36,186.88,184.44,185.97,186.64,184.4
652,186.64,186.68,183.58,184.3,184.4,187.81
653,184.4,186.67,183.58,186.63,187.81,187.45
654,187.81,188.36,186.28,187.47,187.45,188.0
655,187.45,188.69,186.81,187.34,188.0,187.57
656,188.0,188.48,187.37,187.95,187.57,187.85
657,187.57,188.17,186.93,187.88,187.85,188.1
658,187.85,188.88,186.79,187.38,188.1,190.04
659,188.1,189.81,187.76,189.36,190.04,189.86
660,190.04,190.25,189.36,190.07,189.86,190.9
661,189.86,190.39,189.25,190.1,190.9,190.77
662,190.9,192.07,190.5,191.23,190.77,191.39
663,190.77,191.88,190.29,190.41,191.39,191.02
664,191.39,191.81,190.71,191.16,191.02,193.03
665,191.02,193.53,191.02,192.99,193.03,191.47
666,193.03,194.13,191.56,192.25,191.47,192.28
667,191.47,192.3,190.66,192.0,192.28,192.68
668,192.28,192.75,191.14,192.3,192.68,192.39
669,192.68,192.97,190.93,191.56,192.39,191.69
670,192.39,192.95,191.86,191.95,191.69,190.53
671,191.69,192.69,190.06,190.68,190.53,190.75
672,190.53,191.75,190.09,191.2,190.75,190.34
673,190.75,191.2,189.51,190.14,190.34,190.12
674,190.34,190.74,189.78,189.99,190.12,191.08
675,190.12,192.15,190.1,191.54,191.08,191.47
676,191.08,192.78,190.12,191.72,191.47,191.42
677,191.47,191.6,190.57,191.28,191.42,191.25
678,191.42,192.49,190.58,191.81,191.25,193.22
679,191.25,193.57,190.82,192.96,193.22,192.79
680,193.22,193.64,192.3,192.8,192.79,194.54
681,192.79,194.13,192.71,193.75,194.54,193.72
682,194.54,195.0,193.19,194.0,193.72,192.75
683,193.72,194.14,192.63,193.11,192.75,191.0
684,192.75,193.07,191.52,191.62,191.0,192.05
685,191.0,192.45,189.88,192.31,192.05,188.93
686,192.05,192.5,188.97,189.01,188.93,188.51
687,188.93,190.33,188.61,190.06,188.51,189.64
688,188.51,189.96,188.12,189.64,189.64,189.91
689,189.64,190.85,189.15,189.83,189.91,187.66
690,189.91,190.4,186.79,187.17,187.66,188.11
691,187.66,187.78,186.24,186.91,188.11,189.69
692,188.11,189.37,187.56,188.67,189.69,187.77
693,189.69,190.89,188.71,189.04,187.77,185.97
694,187.77,188.12,185.54,185.71,185.97,189.12
695,185.97,189.6,185.61,189.36,189.12,185.86
696,189.12,189.5,186.09,186.42,185.86,185.49
697,185.86,187.74,185.1,185.93,185.49,184.89
698,185.49,186.65,183.42,183.52,184.89,182.46
699,184.89,185.72,183.59,183.8,182.46,179.8
700,182.46,183.79,178.75,181.75,179.8,181.24
701,179.8,181.48,178.69,179.84,181.24,166.84
702,181.24,182.84,180.22,182.05,166.84,166.4
703,166.84,170.33,166.69,169.1,166.4,162.41
704,166.4,166.68,161.68,163.23,162.41,162.12
705,162.41,165.41,161.1,161.79,162.12,162.1
706,162.12,162.83,161.54,162.18,162.1,162.0
707,162.1,162.44,161.45,162.08,162.0,162.0
708,162.0,162.91,161.81,161.87,162.0,164.33
709,162.0,163.6,161.8,163.6,164.33,163.5
710,164.33,164.62,162.76,163.46,163.5,165.48
711,163.5,164.62,163.02,164.35,165.48,164.25
712,165.48,165.59,163.62,164.4,164.25,164.34
713,164.25,164.54,163.38,164.36,164.34,163.13
714,164.34,164.36,162.24,162.65,163.13,161.28
715,163.13,163.54,161.56,161.82,161.28,161.42
716,161.28,161.53,160.05,161.46,161.42,161.9
717,161.42,162.21,160.85,162.07,161.9,163.7
718,161.9,164.47,161.61,163.49,163.7,162.28
719,163.7,163.9,162.6,163.3,162.28,162.0
720,162.28,163.0,161.76,161.92,162.0,162.1
721,162.0,162.8,161.8,162.79,162.1,164.16
722,162.1,164.49,161.69,164.16,164.16,164.73
723,164.16,164.97,163.72,164.16,164.73,162.05
724,164.73,164.75,161.89,161.89,162.05,160.95
725,162.05,162.1,160.96,161.43,160.95,161.83
726,160.95,161.5,159.8,160.64,161.83,161.54
727,161.83,161.95,160.75,160.92,161.54,162.65
728,161.54,163.86,161.06,162.15,162.65,161.93
729,162.65,163.5,161.56,161.76,161.93,162.75
730,161.93,162.1,161.01,161.95,162.75,161.64
731,162.75,163.37,161.44,162.17,161.64,162.47
732,161.64,163.32,161.35,161.54,162.47,162.47
733,162.47,162.73,161.64,162.67,162.47,164.01
734,162.47,164.52,162.0,164.52,164.01,163.61
735,164.01,164.5,163.01,164.05,163.61,163.29
736,163.61,164.5,162.91,163.27,163.29,160.84
737,163.29,163.29,161.54,161.86,160.84,163.01
738,160.84,163.02,160.8,162.99,163.01,160.82
739,163.01,163.33,160.03,160.51,160.82,160.25
740,160.82,162.93,160.52,161.07,160.25,155.93
741,160.25,160.5,155.33,155.38,155.93,152.03
742,155.93,156.74,152.84,153.06,152.03,151.52
743,152.03,154.89,150.5,151.41,151.52,153.58
744,151.52,153.31,151.11,151.93,153.58,157.49
745,153.58,157.68,153.3,157.68,157.49,158.33
746,157.49,160.41,157.49,158.51,158.33,162.23
747,158.33,161.91,158.33,161.44,162.23,162.88
748,162.23,162.9,161.61,162.24,162.88,162.27
749,162.88,162.99,161.61,161.82,162.27,162.0
750,162.27,163.09,162.01,162.34,162.0,160.02
751,162.0,162.34,159.45,160.51,160.02,160.41
752,160.02,160.82,159.79,160.05,160.41,161.31
753,160.41,161.5,160.38,160.44,161.31,161.27
754,161.31,163.31,161.0,162.06,161.27,159.67
755,161.27,161.27,159.19,159.51,159.67,157.2
756,159.67,159.96,155.17,156.07,157.2,156.24
757,157.2,157.2,154.03,155.05,156.24,158.42
758,156.24,159.04,155.55,158.42,158.42,159.0
759,158.42,160.34,157.25,159.11,159.0,157.26
760,159.0,159.25,155.76,156.44,157.26,154.86
761,157.26,159.97,155.68,156.81,154.86,156.69
762,154.86,156.49,153.74,155.8,156.69,153.82
763,156.69,156.97,154.16,154.57,153.82,156.7
764,153.82,157.63,153.82,157.14,156.7,153.03
765,156.7,157.33,154.03,156.95,153.03,151.94
766,153.03,154.5,151.07,152.09,151.94,155.03
767,151.94,155.72,151.76,155.39,155.03,158.26
768,155.03,157.6,154.89,155.87,158.26,154.94
769,158.26,159.46,155.77,156.36,154.94,154.0
770,154.94,155.09,152.59,153.67,154.0,151.38
771,154.0,154.53,151.55,151.55,151.38,153.91
772,151.38,155.58,149.52,155.48,153.91,154.0
773,153.91,155.24,153.04,153.31,154.0,154.75
774,154.0,154.66,151.51,154.66,154.75,157.21
775,154.75,158.6,154.75,158.47,157.21,157.29
776,157.21,158.71,156.7,156.96,157.29,157.34
777,157.29,158.59,157.15,157.91,157.34,156.0
778,157.34,158.08,156.23,156.72,156.0,156.74
779,156.0,157.5,155.4,155.75,156.74,157.76
780,156.74,158.56,155.08,158.56,157.76,158.72
781,157.76,159.09,157.17,158.2,158.72,158.78
782,158.72,159.5,158.09,158.52,158.78,159.75
783,158.78,160.8,158.64,160.4,159.75,161.86
784,159.75,161.41,159.73,160.96,161.86,162.05
785,161.86,162.47,160.64,162.19,162.05,163.64
786,162.05,164.49,161.44,163.89,163.64,164.23
787,163.64,164.34,162.09,163.65,164.23,162.49
788,164.23,164.4,162.5,162.91,162.49,164.94
789,162.49,164.99,161.51,164.83,164.94,163.74
790,164.94,164.96,162.58,162.81,163.74,161.05
791,163.74,164.14,159.77,160.87,161.05,161.68
792,161.05,162.29,160.16,161.94,161.68,160.27
793,161.68,161.89,159.81,160.48,160.27,160.54
794,160.27,161.75,160.0,161.03,160.54,159.86
795,160.54,160.56,158.72,159.42,159.86,160.19
796,159.86,161.5,159.7,161.18,160.19,158.2
797,160.19,161.44,158.06,158.5,158.2,159.6
798,158.2,161.15,158.2,160.77,159.6,158.57
799,159.6,160.23,157.81,157.81,158.57,156.27
800,158.57,159.14,155.94,156.8,156.27,157.46
801,156.27,158.72,156.27,157.98,157.46,155.05
802,157.46,157.52,153.4,154.28,155.05,156.2
803,155.05,157.09,154.8,157.08,156.2,156.85
804,156.2,157.29,155.37,156.96,156.85,159.7
805,156.85,160.7,155.8,159.81,159.7,160.95
806,159.7,160.92,158.81,159.81,160.95,162.77
807,160.95,163.0,160.35,162.88,162.77,164.79
808,162.77,165.35,162.73,164.63,164.79,163.08
809,164.79,164.89,162.9,163.0,163.08,159.27
810,163.08,163.08,159.2,159.2,159.27,160.79
811,159.27,161.25,158.91,160.59,160.79,161.31
812,160.79,160.9,159.23,160.4,161.31,161.08
813,161.31,163.6,161.25,162.67,161.08,160.23
814,161.08,162.33,160.4,160.5,160.23,159.52
815,160.23,160.62,158.39,159.18,159.52,159.69
816,159.52,162.54,158.89,160.45,159.69,161.67
817,159.69,162.8,158.7,162.04,161.67,161.72
818,161.67,163.84,161.62,162.07,161.72,161.7
819,161.72,163.55,161.01,161.85,161.7,162.34
820,161.7,162.47,160.72,162.34,162.34,162.37
821,162.34,163.33,161.25,162.86,162.37,162.42
822,162.37,164.0,162.36,162.38,162.42,162.63
823,162.42,162.74,160.79,162.3,162.63,163.31
824,162.63,164.96,162.5,164.13,163.31,161.75
825,163.31,163.98,162.54,163.13,161.75,162.1
826,161.75,161.86,160.03,160.67,162.1,166.07
827,162.1,166.64,161.9,166.16,166.07,164.39
828,166.07,167.38,164.05,164.26,164.39,165.23
829,164.39,166.0,162.89,165.36,165.23,170.23
830,165.23,171.91,165.14,170.24,170.23,170.89
831,170.23,170.85,168.74,169.78,170.89,170.83
832,170.89,171.49,170.3,170.73,170.83,173.4
833,170.83,174.69,170.02,173.92,173.4,173.77
834,173.4,175.13,172.8,174.4,173.77,173.2
835,173.77,174.28,170.3,171.29,173.2,174.47
836,173.2,174.0,172.42,173.67,174.47,173.51
837,174.47,176.3,173.7,173.97,173.51,172.9
838,173.51,174.23,171.96,173.08,172.9,169.63
839,172.9,174.05,168.86,170.05,169.63,172.94
840,169.63,171.98,169.04,170.99,172.94,172.65
841,172.94,173.33,172.24,172.68,172.65,170.55
842,172.65,172.99,170.86,171.12,170.55,171.24
843,170.55,171.49,168.84,170.55,171.24,173.5
844,171.24,172.74,170.75,172.28,173.5,173.91
845,173.5,174.4,173.22,174.05,173.91,173.44
846,173.91,174.41,172.6,173.26,173.44,172.97
847,173.44,173.49,172.3,173.06,172.97,173.33
848,172.97,173.75,171.93,173.48,173.33,173.32
849,173.33,174.44,172.46,173.76,173.32,173.04
850,173.32,174.14,173.04,173.34,173.04,172.11
851,173.04,173.39,172.19,172.22,172.11,171.16
852,172.11,172.12,169.13,170.13,171.16,171.45
853,171.16,172.48,170.49,172.0,171.45,171.35
854,171.45,171.84,170.66,171.71,171.35,170.21
855,171.35,171.35,169.65,169.65,170.21,169.66
856,170.21,171.04,169.03,170.18,169.66,170.5
857,169.66,170.45,168.43,169.65,170.5,169.53
858,170.5,171.56,169.63,169.92,169.53,168.25
859,169.53,170.6,167.93,168.38,168.25,167.17
860,168.25,168.91,167.2,167.4,167.17,165.34
861,167.17,167.28,165.02,165.34,165.34,166.49
862,165.34,166.02,163.37,165.68,166.49,169.26
863,166.49,169.39,166.06,168.92,169.26,168.23
864,169.26,170.44,168.54,168.78,168.23,165.33
865,168.23,168.3,166.69,166.99,165.33,166.33
866,165.33,166.44,164.25,166.26,166.33,167.0
867,166.33,167.4,165.91,166.84,167.0,167.05
868,167.0,167.85,166.1,167.17,167.05,167.62
869,167.05,168.72,167.05,168.25,167.62,167.65
870,167.62,168.42,166.77,166.99,167.65,168.38
871,167.65,168.34,167.2,167.73,168.38,168.71
872,168.38,169.97,167.57,168.62,168.71,167.8
873,168.71,168.84,166.83,166.97,167.8,166.23
874,167.8,168.13,166.08,166.08,166.23,163.92
875,166.23,166.81,165.23,165.46,163.92,163.99
876,163.92,165.35,162.89,162.97,163.99,163.97
877,163.99,164.0,162.12,162.66,163.97,165.05
878,163.97,165.61,163.6,164.49,165.05,163.83
879,165.05,165.32,164.42,165.09,163.83,164.94
880,163.83,165.23,163.52,164.73,164.94,164.0
881,164.94,165.35,162.23,165.0,164.0,165.34
882,164.0,164.94,162.68,163.16,165.34,165.66
883,165.34,165.51,163.7,163.85,165.66,167.93
884,165.66,167.4,165.52,166.95,167.93,169.43
885,167.93,169.89,167.52,169.38,169.43,168.48
886,169.43,169.54,168.24,168.61,168.48,169.47
887,168.48,169.27,168.0,168.53,169.47,170.33
888,169.47,171.09,169.16,171.0,170.33,172.79
889,170.33,172.52,170.1,172.51,172.79,164.34
890,172.79,173.78,172.14,173.22,164.34,162.73
891,164.34,166.35,162.02,163.07,162.73,160.27
892,162.73,163.07,159.7,160.35,160.27,161.29
893,160.27,162.75,159.83,161.73,161.29,159.0
894,161.29,161.93,159.41,159.75,159.0,159.91
895,159.0,160.18,158.6,159.07,159.91,160.0
896,159.91,160.19,158.5,160.05,160.0,160.5
897,160.0,161.5,159.39,161.09,160.5,161.4
898,160.5,161.4,159.75,160.96,161.4,161.7
899,161.4,162.06,160.63,161.99,161.7,158.4
900,161.7,161.85,157.9,158.71,158.4,159.1
901,158.4,158.82,156.87,157.6,159.1,157.13
902,159.1,159.54,157.48,157.9,157.13,155.89
903,157.13,157.54,156.18,156.32,155.89,156.77
904,155.89,156.25,154.34,155.12,156.77,155.96
905,156.77,157.47,156.12,156.75,155.96,154.26
906,155.96,155.99,154.86,155.51,154.26,156.06
907,154.26,156.52,153.95,156.16,156.06,155.0
908,156.06,156.09,154.32,155.07,155.0,155.2
909,155.0,156.21,154.58,155.75,155.2,155.51
910,155.2,156.69,154.7,156.31,155.51,155.15
911,155.51,156.52,155.25,156.01,155.15,152.74
912,155.15,155.67,153.41,153.94,152.74,151.5
913,152.74,153.91,152.5,152.66,151.5,143.47
914,151.5,153.19,148.7,148.85,143.47,146.94
915,143.47,147.76,142.32,143.47,146.94,144.09
916,146.94,147.11,140.62,140.96,144.09,148.5
917,144.09,146.98,142.14,146.7,148.5,147.75
918,148.5,148.97,145.66,148.54,147.75,147.38
919,147.75,148.2,147.18,147.98,147.38,144.91
920,147.38,148.4,146.26,147.89,144.91,144.74
921,144.91,144.98,141.85,142.68,144.74,146.05
922,144.74,145.08,143.18,145.05,146.05,144.57
923,146.05,148.03,145.77,146.78,144.57,145.86
924,144.57,145.4,143.32,143.7,145.86,148.74
925,145.86,147.34,145.66,147.23,148.74,145.85
926,148.74,149.04,144.85,145.05,145.85,145.91
927,145.85,147.16,144.51,146.2,145.91,147.37
928,145.91,147.5,145.67,147.37,147.37,146.6
929,147.37,147.37,145.41,145.65,146.6,147.84
930,146.6,147.93,145.76,147.53,147.84,148.1
931,147.84,148.89,147.54,148.41,148.1,146.05
932,148.1,149.68,147.3,148.14,146.05,145.39
933,146.05,146.38,143.98,144.51,145.39,144.62
934,145.39,146.98,144.92,146.48,144.62,144.21
935,144.62,145.06,143.77,144.43,144.21,142.6
936,144.21,144.57,142.75,143.66,142.6,145.55
937,142.6,145.07,141.95,144.41,145.55,144.42
938,145.55,146.27,144.53,145.42,144.42,141.99
939,144.42,145.38,142.47,142.52,141.99,143.69
940,141.99,142.66,141.15,142.47,143.69,145.31
941,143.69,145.71,143.66,144.97,145.31,141.05
942,145.31,145.67,141.59,143.59,141.05,145.82
943,141.05,144.59,140.56,144.58,145.82,149.06
944,145.82,149.89,145.82,149.04,149.06,150.04
945,149.06,150.15,148.49,148.78,150.04,149.69
946,150.04,150.73,148.86,150.09,149.69,152.46
947,149.69,153.02,149.29,152.28,152.46,152.4
948,152.46,153.15,151.27,152.39,152.4,150.78
949,152.4,152.58,150.85,151.14,150.78,149.6
950,150.78,150.78,149.18,149.62,149.6,150.91
951,149.6,150.65,149.02,150.01,150.91,150.45
952,150.91,151.24,148.58,150.09,150.45,149.85
953,150.45,151.2,149.26,150.39,149.85,142.49
954,149.85,149.97,148.38,149.22,142.49,140.25
955,142.49,142.88,140.27,140.64,140.25,141.74
956,140.25,142.66,139.3,140.92,141.74,144.61
957,141.74,145.07,141.62,144.09,144.61,144.75
958,144.61,145.49,143.7,144.68,144.75,143.51
959,144.75,145.0,143.21,143.66,143.51,137.92
960,143.51,143.83,137.33,137.86,137.92,140.36
961,137.92,141.23,137.5,140.83,140.36,140.44
962,140.36,140.82,139.02,140.55,140.44,140.5
963,140.44,141.33,139.9,140.08,140.5,140.02
964,140.5,140.52,139.57,140.37,140.02,142.55
965,140.02,142.8,139.9,141.88,142.55,141.61
966,142.55,142.65,141.3,141.63,141.61,138.6
967,141.61,142.38,139.63,139.89,138.6,137.92
968,138.6,139.55,137.87,138.25,137.92,135.36
969,137.92,138.08,134.88,135.31,135.36,136.09
970,135.36,135.74,134.12,135.47,136.09,134.7
971,136.09,136.2,134.5,135.02,134.7,132.95
972,134.7,134.7,133.01,133.04,132.95,131.79
973,132.95,133.0,131.65,131.75,131.79,134.22
974,131.79,134.09,131.79,133.71,134.22,134.79
975,134.22,134.82,133.31,133.82,134.79,136.21
976,134.79,135.91,134.26,135.82,136.21,137.37
977,136.21,137.74,136.01,136.74,137.37,138.53
978,137.37,138.92,137.25,138.5,138.53,137.65
979,138.53,138.87,137.12,138.46,137.65,138.37
980,137.65,139.34,137.31,138.6,138.37,138.0
981,138.37,138.43,137.38,138.0,138.0,138.61
982,138.0,138.81,137.21,138.46,138.61,139.58
983,138.61,139.9,138.52,139.42,139.58,140.93
984,139.58,141.4,139.58,141.28,140.93,140.1
985,140.93,141.21,139.5,139.7,140.1,138.09
986,140.1,140.73,138.19,138.92,138.09,140.16
987,138.09,141.02,137.99,140.43,140.16,138.28
988,140.16,140.41,138.81,139.55,138.28,137.38
989,138.28,139.06,137.53,138.05,137.38,137.03
990,137.38,139.84,136.23,136.61,137.03,135.23
991,137.03,137.85,135.72,136.78,135.23,135.31
992,135.23,135.44,133.91,134.57,135.31,137.4
993,135.31,136.14,134.02,135.93,137.4,139.12
994,137.4,138.97,137.28,137.79,139.12,139.35
995,139.12,139.65,137.79,139.29,139.35,136.41
996,139.35,139.5,136.31,136.75,136.41,135.83
997,136.41,136.96,134.27,134.9,135.83,135.88
998,135.83,135.83,134.02,135.5,135.88,138.3
999,135.88,138.19,135.65,137.93,138.3,138.43
1000,138.3,139.3,138.11,138.54,138.43,137.74
1001,138.43,138.88,138.11,138.25,137.74,138.25
1002,137.74,138.04,136.54,137.61,138.25,139.58
1003,138.25,140.06,138.2,139.78,139.58,139.07
1004,139.58,140.44,139.22,139.34,139.07,135.6
1005,139.07,139.1,137.57,137.62,135.6,136.76
1006,135.6,135.97,134.24,135.95,136.76,134.38
1007,136.76,136.89,134.85,135.85,134.38,133.7
1008,134.38,135.58,133.62,135.17,133.7,133.18
1009,133.7,135.02,132.43,132.86,133.18,131.81
1010,133.18,133.82,131.32,131.63,131.81,133.65
1011,131.81,133.82,131.76,133.23,133.65,133.5
1012,133.65,133.78,131.13,132.9,133.5,131.93
1013,133.5,134.28,131.1,131.17,131.93,130.01
1014,131.93,133.79,131.22,132.91,130.01,130.11
1015,130.01,130.88,128.87,130.03,130.11,118.46
1016,130.11,132.1,128.06,128.11,118.46,121.3
1017,118.46,123.99,118.0,121.86,121.3,124.67
1018,121.3,125.1,120.58,122.91,124.67,122.1
1019,124.67,124.74,121.77,122.5,122.1,122.25
1020,122.1,124.23,121.64,122.08,122.25,122.73
1021,122.25,123.61,122.24,122.59,122.73,121.26
1022,122.73,123.37,120.65,120.96,121.26,123.28
1023,121.26,122.83,121.01,122.22,123.28,124.4
1024,123.28,124.79,122.96,124.79,124.4,123.67
1025,124.4,125.29,123.71,124.83,123.67,123.99
1026,123.67,124.14,122.64,122.94,123.99,125.08
1027,123.99,125.45,122.45,124.72,125.08,127.22
1028,125.08,128.5,125.0,127.65,127.22,126.0
1029,127.22,128.64,125.85,128.57,126.0,126.12
1030,126.0,127.51,124.13,126.98,126.12,125.0
1031,126.12,126.93,123.77,124.07,125.0,118.78
1032,125.0,125.29,119.84,120.19,118.78,119.26
1033,118.78,119.66,116.9,117.85,119.26,121.83
1034,119.26,121.05,118.35,121.04,121.83,123.71
1035,121.83,123.09,121.34,122.74,123.71,130.0
1036,123.71,126.57,123.25,126.1,130.0,132.36
1037,130.0,134.0,129.75,132.45,132.36,133.84
1038,132.36,133.65,130.84,133.08,133.84,133.14
1039,133.84,134.31,132.41,133.77,133.14,131.55
1040,133.14,133.41,132.01,132.4,131.55,133.29
1041,131.55,133.49,129.68,132.8,133.29,134.51
1042,133.29,134.51,130.88,134.5,134.51,132.0
1043,134.51,134.92,131.95,132.03,132.0,132.24
1044,132.0,133.36,130.9,131.03,132.24,133.7
1045,132.24,134.64,132.03,134.37,133.7,137.22
1046,133.7,137.44,133.22,136.3,137.22,137.54
1047,137.22,137.96,136.07,137.8,137.54,137.28
1048,137.54,139.42,137.02,137.8,137.28,139.71
1049,137.28,140.51,136.87,140.15,139.71,139.31
1050,139.71,140.35,137.42,139.07,139.31,141.24
1051,139.31,142.17,139.23,140.41,141.24,141.73
1052,141.24,141.47,138.09,140.19,141.73,142.01
1053,141.73,142.92,140.51,142.36,142.01,141.74
1054,142.01,143.19,141.04,142.78,141.74,142.62
1055,141.74,143.33,141.54,142.96,142.62,144.78
1056,142.62,144.88,142.11,144.79,144.78,147.4
1057,144.78,147.32,144.45,147.04,147.4,147.3
1058,147.4,147.51,145.51,147.09,147.3,148.06
1059,147.3,148.71,146.72,148.63,148.06,148.0
1060,148.06,149.28,147.84,148.1,148.0,144.98
1061,148.0,148.03,145.13,145.4,144.98,147.75
1062,144.98,148.22,144.49,147.95,147.75,147.59
1063,147.75,148.65,147.23,148.4,147.59,149.95
1064,147.59,149.76,147.5,149.33,149.95,149.79
1065,149.95,150.41,148.32,148.41,149.79,150.51
1066,149.79,153.1,149.36,151.45,150.51,152.34
1067,150.51,152.96,150.25,152.52,152.34,151.43
1068,152.34,153.52,151.91,152.07,151.43,149.9
1069,151.43,151.6,149.65,150.0,149.9,149.07
1070,149.9,150.15,147.81,150.02,149.07,149.06
1071,149.07,149.6,148.0,148.25,149.06,150.26
1072,149.06,149.99,148.12,149.35,150.26,149.61
1073,150.26,151.95,149.22,149.25,149.61,150.75
1074,149.61,150.11,148.58,149.63,150.75,151.5
1075,150.75,151.23,149.63,151.23,151.5,151.04
1076,151.5,152.76,150.38,151.16,151.04,151.75
1077,151.04,152.1,150.96,151.72,151.75,146.47
1078,151.75,153.14,151.49,152.53,146.47,144.24
1079,146.47,146.95,142.61,144.0,144.24,146.58
1080,144.24,147.2,144.0,146.11,146.58,149.44
1081,146.58,150.12,146.46,149.3,149.44,148.16
1082,149.44,151.0,147.5,148.5,148.16,148.65
1083,148.16,148.9,147.11,148.81,148.65,149.35
1084,148.65,149.79,147.9,149.08,149.35,149.75
1085,149.35,150.78,148.97,150.47,149.75,146.49
1086,149.75,150.18,146.72,147.07,146.49,146.56
1087,146.49,147.34,144.19,145.94,146.56,144.65
1088,146.56,147.0,144.43,145.27,144.65,143.36
1089,144.65,144.9,142.9,144.13,143.36,145.95
1090,143.36,145.0,143.31,144.25,145.95,144.86
1091,145.95,147.3,145.45,146.47,144.86,147.7
1092,144.86,147.97,144.47,147.29,147.7,148.24
1093,147.7,148.2,147.01,147.34,148.24,149.71
1094,148.24,150.04,147.74,149.97,149.71,149.21
1095,149.71,151.09,148.74,148.95,149.21,148.79
1096,149.21,149.39,147.11,148.84,148.79,147.65
1097,148.79,149.86,147.42,147.72,147.65,149.21
1098,147.65,149.99,147.44,149.46,149.21,147.99
1099,149.21,149.5,147.29,148.0,147.99,146.48
1100,147.99,148.52,146.36,147.34,146.48,145.71
1101,146.48,146.93,143.96,144.93,145.71,147.61
1102,145.71,147.51,145.55,147.25,147.61,146.88
1103,147.61,147.95,146.66,146.77,146.88,148.93
1104,146.88,148.75,146.88,148.31,148.93,151.55
1105,148.93,152.09,148.5,151.69,151.55,152.35
1106,151.55,152.51,151.05,152.44,152.35,152.56
1107,152.35,152.93,152.15,152.84,152.56,153.0
1108,152.56,153.81,152.27,153.74,153.0,152.59
1109,153.0,153.27,151.54,152.51,152.59,152.4
1110,152.59,153.5,152.12,153.5,152.4,153.09
1111,152.4,153.04,151.7,152.89,153.09,153.31
1112,153.09,153.95,152.34,152.73,153.31,153.53
1113,153.31,153.93,152.66,153.33,153.53,152.92
1114,153.53,154.09,153.04,154.0,152.92,152.79
1115,152.92,153.76,152.73,153.42,152.79,151.63
1116,152.79,153.33,151.86,152.37,151.63,151.28
1117,151.63,152.5,150.28,151.28,151.28,151.46
1118,151.28,151.79,150.4,151.06,151.46,150.19
1119,151.46,151.79,150.6,150.68,150.19,150.96
1120,150.19,151.3,149.0,151.06,150.96,152.6
1121,150.96,152.72,150.6,151.99,152.6,154.16
1122,152.6,154.67,152.52,153.61,154.16,153.75
1123,154.16,154.57,153.69,154.05,153.75,153.45
1124,153.75,154.71,152.27,152.92,153.45,149.97
1125,153.45,155.48,152.6,155.35,149.97,146.18
1126,149.97,150.61,146.18,146.59,146.18,144.78
1127,146.18,146.6,142.5,143.5,144.78,146.5
1128,144.78,145.73,144.22,145.7,146.5,148.86
1129,146.5,148.48,146.45,148.46,148.86,152.19
1130,148.86,151.91,148.67,151.78,152.19,151.19
1131,152.19,152.97,151.4,152.35,151.19,151.85
1132,151.19,152.0,150.76,151.68,151.85,152.75
1133,151.85,152.41,149.92,152.37,152.75,154.0
1134,152.75,153.69,151.89,152.6,154.0,154.6
1135,154.0,154.6,153.08,154.46,154.6,156.0
1136,154.6,156.04,154.5,155.33,156.0,157.75
1137,156.0,157.12,155.52,157.04,157.75,158.81
1138,157.75,158.34,157.06,158.02,158.81,159.9
1139,158.81,161.4,158.58,160.28,159.9,159.3
1140,159.9,159.98,158.5,159.78,159.3,161.78
1141,159.3,160.75,158.73,159.86,161.78,159.97
1142,161.78,162.14,157.89,159.58,159.97,160.75
1143,159.97,161.71,159.6,161.36,160.75,160.78
1144,160.75,161.85,159.89,160.45,160.78,162.0
1145,160.78,162.17,160.48,162.07,162.0,162.65
1146,162.0,162.88,161.75,162.65,162.65,162.12
1147,162.65,163.6,161.37,162.12,162.12,161.38
1148,162.12,162.57,161.18,161.83,161.38,161.36
1149,161.38,161.81,160.71,161.37,161.36,160.65
1150,161.36,161.67,160.03,160.62,160.65,161.27
1151,160.65,161.65,159.84,161.45,161.27,160.13
1152,161.27,161.45,160.36,160.58,160.13,160.86
1153,160.13,160.86,159.8,160.67,160.86,162.0
1154,160.86,161.7,160.12,161.55,162.0,162.73
1155,162.0,163.51,161.57,163.5,162.73,162.22
1156,162.73,163.27,161.58,162.04,162.22,162.19
1157,162.22,162.77,161.64,161.77,162.19,162.25
1158,162.19,162.66,161.96,162.08,162.25,163.19
1159,162.25,164.95,162.18,163.53,163.19,162.4
1160,163.19,163.46,161.52,161.95,162.4,161.11
1161,162.4,162.97,161.78,161.88,161.11,160.97
1162,161.11,161.93,160.69,160.7,160.97,160.89
1163,160.97,161.16,159.84,160.44,160.89,160.84
1164,160.89,162.0,160.44,161.36,160.84,160.0
1165,160.84,160.91,159.52,160.04,160.0,160.33
1166,160.0,160.57,159.13,160.0,160.33,159.89
1167,160.33,161.34,160.23,160.26,159.89,159.0
1168,159.89,160.18,158.32,159.05,159.0,158.88
1169,159.0,159.54,158.42,158.63,158.88,158.83
1170,158.88,160.44,157.85,158.32,158.83,159.76
1171,158.83,160.21,158.5,159.72,159.76,159.66
1172,159.76,160.15,158.81,159.4,159.66,158.32
1173,159.66,159.66,158.26,158.88,158.32,159.88
1174,158.32,159.62,158.1,159.54,159.88,159.88
1175,159.88,160.57,159.15,159.55,159.88,160.19
1176,159.88,160.86,159.11,160.35,160.19,160.55
1177,160.19,161.76,160.0,161.64,160.55,158.03
1178,160.55,161.21,158.76,159.0,158.03,155.26
1179,158.03,158.4,155.65,155.69,155.26,157.63
1180,155.26,158.53,154.84,158.29,157.63,155.7
1181,157.63,157.93,155.5,155.81,155.7,154.3
1182,155.7,155.87,153.39,154.05,154.3,155.04
1183,154.3,156.33,153.21,155.66,155.04,154.87
1184,155.04,155.4,153.47,153.84,154.87,155.87
1185,154.87,156.19,154.55,154.87,155.87,154.91
1186,155.87,156.57,154.45,154.45,154.91,156.15
1187,154.91,155.68,153.87,155.53,156.15,155.62
1188,156.15,157.22,155.69,156.11,155.62,154.46
1189,155.62,156.04,154.71,154.98,154.46,154.32
1190,154.46,154.46,153.46,153.98,154.32,156.99
1191,154.32,156.77,153.81,156.77,156.99,158.63
1192,156.99,158.62,156.23,158.29,158.63,158.9
1193,158.63,165.0,157.46,158.11,158.9,158.06
1194,158.9,159.84,158.06,158.85,158.06,157.67
1195,158.06,158.37,157.02,157.61,157.67,157.07
1196,157.67,158.53,155.82,156.46,157.07,156.84
1197,157.07,157.83,156.72,157.08,156.84,157.14
1198,156.84,157.43,155.89,156.88,157.14,156.71
1199,157.14,157.7,154.86,155.67,156.71,156.73
1200,156.71,158.49,156.66,157.02,156.73,154.97
1201,156.73,156.95,153.89,154.79,154.97,153.7
1202,154.97,154.97,153.08,154.29,153.7,154.47
1203,153.7,154.22,152.27,153.72,154.47,154.45
1204,154.47,155.53,154.09,154.45,154.45,150.02
1205,154.45,155.89,154.34,154.77,150.02,151.27
1206,150.02,151.0,147.79,150.72,151.27,151.28
1207,151.27,152.45,150.83,151.26,151.28,150.58
1208,151.28,152.9,151.02,151.52,150.58,150.4
1209,150.58,151.15,149.56,149.63,150.4,150.69
1210,150.4,151.52,150.4,150.57,150.69,150.71
1211,150.69,151.16,149.83,150.88,150.71,152.82
1212,150.71,152.94,150.26,151.81,152.82,154.05
1213,152.82,154.06,152.02,153.35,154.05,152.76
1214,154.05,154.44,152.18,152.61,152.76,153.5
1215,152.76,154.33,152.76,153.69,153.5,152.48
1216,153.5,153.91,151.74,152.79,152.48,152.51
1217,152.48,153.34,151.67,151.95,152.51,152.4
1218,152.51,153.74,151.8,152.37,152.4,153.99
1219,152.4,153.64,151.87,152.43,153.99,154.56
1220,153.99,156.11,153.84,155.72,154.56,152.96
1221,154.56,155.93,153.06,155.17,152.96,157.66
1222,152.96,155.56,151.0,154.81,157.66,159.97
1223,157.66,161.16,157.59,160.22,159.97,161.25
1224,159.97,161.34,159.33,161.27,161.25,158.42
1225,161.25,161.86,157.58,158.21,158.42,158.46
1226,158.42,159.15,157.55,158.67,158.46,159.22
1227,158.46,159.55,158.03,159.29,159.22,159.8
1228,159.22,159.93,158.85,159.8,159.8,160.69
1229,159.8,160.72,159.21,160.39,160.69,163.0
1230,160.69,163.0,160.37,162.77,163.0,161.94
1231,163.0,163.0,161.95,162.67,161.94,161.83
1232,161.94,162.38,161.36,161.98,161.83,163.2
1233,161.83,163.19,161.83,163.14,163.2,164.0
1234,163.2,164.66,162.7,164.52,164.0,163.35
1235,164.0,164.41,163.03,163.53,163.35,161.95
1236,163.35,163.8,162.21,162.22,161.95,159.0
1237,161.95,162.2,158.3,159.82,159.0,160.85
1238,159.0,160.29,158.41,160.02,160.85,160.13
1239,160.85,161.15,159.59,159.84,160.13,160.6
1240,160.13,160.79,158.93,160.35,160.6,164.87
1241,160.6,165.18,160.39,164.79,164.87,165.18
1242,164.87,166.0,164.22,165.36,165.18,166.72
1243,165.18,166.72,164.6,166.52,166.72,165.68
1244,166.72,166.79,165.07,165.5,165.68,168.37
1245,165.68,169.95,165.68,168.29,168.37,168.01
1246,168.37,169.89,167.45,168.51,168.01,168.97
1247,168.01,169.85,167.78,168.02,168.97,166.83
1248,168.97,169.11,166.06,166.73,166.83,167.49
1249,166.83,167.26,166.0,166.68,167.49,166.25
1250,167.49,168.25,166.45,167.6,166.25,167.36
1251,166.25,167.94,165.25,167.33,167.36,167.0
1252,167.36,168.23,166.58,167.06,167.0,166.98
1253,167.0,167.49,166.45,166.71,166.98,167.29
1254,166.98,167.98,166.85,167.14,167.29,166.02
1255,167.29,167.74,166.0,166.19,166.02,166.44
1256,166.02,166.99,166.0,166.6,166.44,167.0
1257,166.44,166.7,165.5,165.99,167.0,167.77
1258,167.0,167.87,166.01,167.19,167.77,169.25
1259,167.77,169.87,167.36,169.26,169.25,168.69
1260,169.25,169.39,167.26,168.7,168.69,169.47
1261,168.69,169.92,167.52,169.53,169.47,167.98
1262,169.47,169.8,167.62,167.65,167.98,166.05
1263,167.98,168.09,165.34,165.52,166.05,167.77
1264,166.05,167.76,165.6,167.75,167.77,167.97
1265,167.77,168.01,165.56,167.95,167.97,166.69
1266,167.97,168.48,166.88,167.34,166.69,167.45
1267,166.69,168.18,166.12,167.89,167.45,166.96
1268,167.45,168.59,166.69,166.8,166.96,167.81
1269,166.96,167.45,165.8,166.81,167.81,170.08
1270,167.81,170.64,166.0,170.55,170.08,171.36
1271,170.08,171.25,170.01,171.03,171.36,176.26
1272,171.36,176.0,171.16,175.9,176.26,178.06
1273,176.26,179.25,176.13,178.29,178.06,178.47
1274,178.06,178.88,177.51,178.66,178.47,176.98
1275,178.47,179.2,177.3,177.3,176.98,175.05
1276,176.98,177.07,174.58,175.8,175.05,175.0
1277,175.05,175.58,173.61,174.52,175.0,174.23
1278,175.0,175.7,172.89,174.29,174.23,175.0
1279,174.23,174.97,173.55,174.58,175.0,175.31
1280,175.0,176.34,174.89,175.82,175.31,176.0
1281,175.31,175.98,174.38,175.86,176.0,177.5
1282,176.0,178.62,175.9,178.46,177.5,176.17
1283,177.5,177.5,175.88,176.17,176.17,177.37
1284,176.17,177.8,175.91,177.21,177.37,179.24
1285,177.37,178.87,176.76,178.68,179.24,178.57
1286,179.24,179.9,178.84,179.36,178.57,180.2
1287,178.57,180.13,178.35,180.13,180.2,181.45
1288,180.2,181.92,179.81,181.68,181.45,181.25
1289,181.45,182.79,180.87,181.43,181.25,180.6
1290,181.25,181.57,180.0,180.67,180.6,180.09
1291,180.6,180.79,179.12,180.26,180.09,182.0
1292,180.09,181.34,180.09,181.15,182.0,180.21
1293,182.0,182.5,180.92,181.65,180.21,181.19
1294,180.21,181.49,179.89,181.35,181.19,179.38
1295,181.19,181.25,179.28,179.4,179.38,180.48
1296,179.38,180.63,179.35,179.82,180.48,181.88
1297,180.48,182.55,180.03,181.95,181.88,180.04
1298,181.88,181.88,180.43,180.53,180.04,179.72
1299,180.04,181.32,179.76,180.05,179.72,180.71
1300,179.72,180.99,179.57,180.47,180.71,180.75
1301,180.71,181.29,180.2,180.38,180.75,179.15
1302,180.75,180.95,179.3,179.45,179.15,178.21
1303,179.15,179.25,175.88,177.18,178.21,177.85
1304,178.21,179.49,177.42,177.83,177.85,176.18
1305,177.85,178.06,176.42,176.46,176.18,175.71
1306,176.18,176.82,175.21,175.72,175.71,178.46
1307,175.71,176.28,174.75,175.81,178.46,176.29
1308,178.46,179.0,176.82,177.24,176.29,175.65
1309,176.29,176.79,175.65,175.65,175.65,176.01
1310,175.65,176.18,175.14,175.7,176.01,174.04
1311,176.01,176.23,173.84,173.88,174.04,174.43
1312,174.04,175.06,172.8,174.78,174.43,175.12
1313,174.43,175.67,173.56,174.82,175.12,172.69
1314,175.12,175.5,173.39,173.83,172.69,173.94
1315,172.69,174.16,172.09,173.77,173.94,174.3
1316,173.94,175.0,173.0,174.51,174.3,173.86
1317,174.3,174.49,173.46,173.94,173.86,173.98
1318,173.86,174.59,173.69,173.86,173.98,173.82
1319,173.98,174.95,173.69,174.14,173.82,173.52
1320,173.82,174.87,173.38,174.5,173.52,174.7
1321,173.52,174.96,173.26,174.52,174.7,173.47
1322,174.7,176.33,172.81,172.88,173.47,172.08
1323,173.47,173.47,172.25,172.45,172.08,172.53
1324,172.08,172.93,171.28,172.14,172.53,170.65
1325,172.53,172.56,171.0,171.2,170.65,171.04
1326,170.65,171.23,168.98,170.58,171.04,169.92
1327,171.04,171.2,170.02,170.66,169.92,169.75
1328,169.92,171.36,169.53,169.53,169.75,170.79
1329,169.75,171.3,169.62,171.1,170.79,161.76
1330,170.79,171.69,169.83,170.05,161.76,161.32
1331,161.76,162.64,159.6,161.69,161.32,162.05
1332,161.32,162.4,160.5,162.3,162.05,161.29
1333,162.05,162.11,160.38,160.38,161.29,161.78
1334,161.29,161.57,160.42,160.75,161.78,160.53
1335,161.78,162.04,160.38,160.39,160.53,160.29
1336,160.53,161.1,159.89,160.06,160.29,160.5
1337,160.29,160.48,159.63,160.32,160.5,160.05
1338,160.5,160.59,159.7,160.29,160.05,159.44
1339,160.05,160.42,158.7,158.84,159.44,158.74
1340,159.44,159.49,158.64,159.1,158.74,158.89
1341,158.74,159.45,158.52,158.63,158.89,153.52
1342,158.89,159.14,158.36,159.05,153.52,152.8
1343,153.52,155.78,153.0,155.05,152.8,152.6
1344,152.8,153.47,152.2,153.03,152.6,151.65
1345,152.6,153.1,151.56,152.11,151.65,151.05
1346,151.65,152.37,151.13,151.25,151.05,150.3
1347,151.05,151.15,149.79,150.65,150.3,150.62
1348,150.3,151.26,150.0,150.37,150.62,151.66
1349,150.62,151.83,150.45,151.51,151.66,153.3
1350,151.66,153.99,151.66,153.68,153.3,150.86
1351,153.3,154.14,150.89,150.93,150.86,151.01
1352,150.86,151.33,150.11,150.78,151.01,152.1
1353,151.01,152.46,150.89,151.98,152.1,152.57
1354,152.1,152.84,151.6,152.64,152.57,152.21
1355,152.57,153.68,151.92,152.03,152.21,153.25
1356,152.21,152.76,151.23,152.51,153.25,152.85
1357,153.25,153.73,152.95,153.2,152.85,151.95
1358,152.85,153.0,152.06,152.49,151.95,152.03
1359,151.95,152.67,151.59,151.73,152.03,152.8
1360,152.03,152.8,151.65,152.63,152.8,153.07
1361,152.8,152.87,151.63,152.67,153.07,151.82
1362,153.07,153.2,151.8,152.05,151.82,152.0
1363,151.82,152.93,151.68,152.41,152.0,153.05
1364,152.0,152.89,152.0,152.37,153.05,151.0
1365,153.05,154.2,150.8,150.98,151.0,152.0
1366,151.0,152.82,150.92,152.1,152.0,154.19
1367,152.0,154.26,151.88,154.1,154.19,155.44
1368,154.19,157.2,154.02,155.18,155.44,153.97
1369,155.44,155.48,154.15,154.25,153.97,153.29
1370,153.97,154.94,152.94,153.81,153.29,154.23
1371,153.29,154.69,153.29,154.22,154.23,155.51
1372,154.23,155.42,152.97,155.38,155.51,154.48
1373,155.51,155.86,154.54,154.84,154.48,155.79
1374,154.48,155.39,154.25,154.95,155.79,154.55
1375,155.79,155.79,153.39,153.79,154.55,154.34
1376,154.55,154.99,153.69,154.4,154.34,154.71
1377,154.34,154.68,153.8,154.11,154.71,155.0
1378,154.71,155.75,154.63,155.23,155.0,155.15
1379,155.0,155.34,154.5,154.75,155.15,155.35
1380,155.15,155.55,154.78,155.32,155.35,154.28
1381,155.35,155.74,153.62,154.13,154.28,153.58
1382,154.28,154.5,153.14,153.83,153.58,155.77
1383,153.58,156.02,153.52,155.58,155.77,153.36
1384,155.77,155.89,153.63,153.67,153.36,152.62
1385,153.36,153.83,152.23,152.36,152.62,152.91
1386,152.62,153.49,152.14,152.94,152.91,153.26
1387,152.91,153.89,152.63,153.42,153.26,153.48
1388,153.26,153.65,152.05,153.19,153.48,153.7
1389,153.48,154.24,153.05,153.7,153.7,154.01
1390,153.7,154.19,153.19,153.63,154.01,153.59
1391,154.01,154.62,153.4,154.24,153.59,152.36
1392,153.59,153.88,152.24,153.01,152.36,150.02
1393,152.36,154.29,152.0,154.0,150.02,147.53
1394,150.02,150.25,146.71,147.53,147.53,147.59
1395,147.53,148.83,147.03,147.66,147.59,147.0
1396,147.59,147.87,146.51,147.08,147.0,146.57
1397,147.0,147.04,145.8,145.99,146.57,146.27
1398,146.57,147.49,146.03,146.19,146.27,145.0
1399,146.27,146.46,144.47,145.36,145.0,144.81
1400,145.0,145.4,143.64,145.07,144.81,145.0
1401,144.81,145.04,143.84,144.29,145.0,145.12
1402,145.0,145.67,144.72,145.3,145.12,144.43
1403,145.12,145.29,144.22,144.45,144.43,145.0
1404,144.43,145.34,144.43,144.94,145.0,145.0
1405,145.0,145.39,144.4,145.16,145.0,142.0
1406,145.0,145.09,142.75,143.47,142.0,141.75
1407,142.0,142.76,142.0,142.11,141.75,141.64
1408,141.75,142.03,141.19,141.77,141.64,142.45
1409,141.64,142.42,141.23,141.84,142.45,142.0
1410,142.45,142.59,141.52,141.84,142.0,142.55
1411,142.0,142.76,141.94,142.32,142.55,141.79
1412,142.55,143.34,140.58,142.07,141.79,142.52
1413,141.79,142.91,141.61,142.5,142.52,140.87
1414,142.52,142.89,140.7,140.7,140.87,139.59
1415,140.87,141.15,139.58,139.7,139.59,140.64
1416,139.59,140.42,139.13,140.33,140.64,140.7
1417,140.64,141.15,140.38,141.01,140.7,142.5
1418,140.7,143.05,140.68,142.14,142.5,143.3
1419,142.5,143.68,142.25,142.94,143.3,144.11
1420,143.3,144.19,143.25,143.74,144.11,142.1
1421,144.11,144.56,142.39,142.51,142.1,143.26
1422,142.1,143.42,141.9,143.14,143.26,143.02
1423,143.26,143.28,142.41,142.56,143.02,142.98
1424,143.02,143.66,142.63,143.03,142.98,143.5
1425,142.98,144.5,142.98,144.08,143.5,143.88
1426,143.5,144.36,142.7,143.04,143.88,144.1
1427,143.88,144.47,143.5,143.82,144.1,143.15
1428,144.1,144.64,142.41,142.9,143.15,143.54
1429,143.15,143.15,141.64,142.45,143.54,145.11
1430,143.54,145.13,143.01,144.86,145.11,145.35
1431,145.11,146.37,144.51,145.76,145.35,145.86
1432,145.35,146.29,145.34,145.99,145.86,144.82
1433,145.86,146.38,145.51,145.54,144.82,144.81
1434,144.82,145.17,144.08,144.82,144.81,144.79
1435,144.81,145.48,144.27,144.55,144.79,144.93
1436,144.79,144.98,144.22,144.39,144.93,145.65
1437,144.93,145.88,144.42,145.88,145.65,145.59
1438,145.65,145.89,145.1,145.26,145.59,145.12
1439,145.59,145.59,144.59,145.13,145.12,146.36
1440,145.12,146.03,144.91,145.87,146.36,146.68
1441,146.36,147.42,145.94,146.56,146.68,145.33
1442,146.68,146.9,145.03,145.66,145.33,145.45
1443,145.33,145.86,144.21,145.66,145.45,145.35
1444,145.45,145.69,144.92,145.08,145.35,146.69
1445,145.35,146.86,145.21,146.66,146.69,147.0
1446,146.69,147.2,146.34,146.78,147.0,146.68
1447,147.0,147.02,146.11,146.48,146.68,146.64
1448,146.68,147.54,146.48,146.72,146.64,146.5
1449,146.64,146.85,146.32,146.48,146.5,147.71
1450,146.5,147.79,146.35,147.39,147.71,148.4
1451,147.71,148.95,147.65,148.5,148.4,147.56
1452,148.4,148.47,148.01,148.04,147.56,147.48
1453,147.56,147.89,146.77,147.03,147.48,147.22
1454,147.48,147.85,146.94,147.1,147.22,146.63
1455,147.22,147.67,146.51,146.83,146.63,157.12
1456,146.63,147.12,146.18,146.54,157.12,159.8
1457,157.12,161.23,156.95,159.53,159.8,161.07
1458,159.8,160.96,159.08,160.9,161.07,162.05
1459,161.07,162.48,159.77,162.07,162.05,159.65
1460,162.05,162.51,159.54,159.55,159.65,156.01
1461,159.65,159.7,155.17,155.88,156.01,154.31
1462,156.01,156.37,153.06,153.5,154.31,154.54
1463,154.31,155.12,153.54,153.6,154.54,153.76
1464,154.54,154.63,152.91,153.68,153.76,154.33
1465,153.76,154.59,152.71,154.36,154.33,154.1
1466,154.33,154.93,152.93,154.06,154.1,154.18
1467,154.1,154.9,153.83,154.03,154.18,153.42
1468,154.18,154.49,152.91,153.35,153.42,151.77
1469,153.42,153.47,151.49,151.58,151.77,151.37
1470,151.77,151.82,150.28,150.84,151.37,151.6
1471,151.37,151.51,150.5,151.35,151.6,149.93
1472,151.6,151.79,150.28,151.57,149.93,150.65
1473,149.93,151.8,149.86,150.3,150.65,148.88
1474,150.65,150.89,149.14,149.16,148.88,147.95
1475,148.88,149.0,147.92,148.4,147.95,148.0
1476,147.95,148.97,147.49,148.89,148.0,147.73
1477,148.0,148.7,146.21,147.1,147.73,149.34
1478,147.73,149.65,147.5,149.12,149.34,150.64
1479,149.34,150.15,148.83,148.97,150.64,151.3
1480,150.64,151.95,149.9,150.51,151.3,152.0
1481,151.3,152.45,151.2,151.95,152.0,151.95
1482,152.0,152.39,151.33,151.77,151.95,152.06
1483,151.95,152.2,151.33,151.84,152.06,152.35
1484,152.06,152.49,151.62,151.98,152.35,152.81
1485,152.35,152.93,151.7,152.47,152.81,153.65
